{
  "12": {
    "score": 5,
    "level": 1,
    "time_limit": 7.174453500000001
  },
  "wu": {
    "score": 10,
    "level": 1,
    "time_limit": 3.8127987424935013
  }
}